p11	P12	dist_E_mean	dist_E_sem	trelax_norm_mean	trelax_norm_sem	sat_frac	reps	TMAX	samples	source
0.73	0.05	0.226341692814	0.023103763836	0.335411522634	0.0233496010922	0.144032921811	3	400000	243	C:\Users\rbndz\Movistar Cloud\Ruben\3_FISICA\2_Cuatrimestre\Caos_y_SDNL\guerra-mafias\c_paper\out\experiments\03_critical_transition\frontier_scans_torre\p12_scan\raw\initial_plane__N1_500__N2_500__P11_0p73__P12_0p05__P22_0p73__B_1p15__R_0__E_m0p4__ndiv_8__reps_3.txt
0.73	0.1	0.245426708156	0.0206142360206	0.287160493827	0.0215159184593	0.0987654320988	3	400000	243	C:\Users\rbndz\Movistar Cloud\Ruben\3_FISICA\2_Cuatrimestre\Caos_y_SDNL\guerra-mafias\c_paper\out\experiments\03_critical_transition\frontier_scans_torre\p12_scan\raw\initial_plane__N1_500__N2_500__P11_0p73__P12_0p10__P22_0p73__B_1p15__R_0__E_m0p4__ndiv_8__reps_3.txt
0.73	0.15	0.263017681101	0.0193773892558	0.297366255144	0.0219475349357	0.0905349794239	3	400000	243	C:\Users\rbndz\Movistar Cloud\Ruben\3_FISICA\2_Cuatrimestre\Caos_y_SDNL\guerra-mafias\c_paper\out\experiments\03_critical_transition\frontier_scans_torre\p12_scan\raw\initial_plane__N1_500__N2_500__P11_0p73__P12_0p15__P22_0p73__B_1p15__R_0__E_m0p4__ndiv_8__reps_3.txt
0.65	0.16	0.29628435595	0.0184841509045	0.333271604938	0.0227745016473	0.0864197530864	3	400000	243	C:\Users\rbndz\Movistar Cloud\Ruben\3_FISICA\2_Cuatrimestre\Caos_y_SDNL\guerra-mafias\c_paper\out\experiments\03_critical_transition\frontier_scans_torre\p11_p12_grid\raw\initial_plane__N1_500__N2_500__P11_0p65__P12_0p16__P22_0p65__B_1p15__R_0__E_m0p4__ndiv_8__reps_3.txt
0.7	0.16	0.276895633358	0.0189817010436	0.295061728395	0.021239310006	0.0905349794239	3	400000	243	C:\Users\rbndz\Movistar Cloud\Ruben\3_FISICA\2_Cuatrimestre\Caos_y_SDNL\guerra-mafias\c_paper\out\experiments\03_critical_transition\frontier_scans_torre\p11_p12_grid\raw\initial_plane__N1_500__N2_500__P11_0p70__P12_0p16__P22_0p70__B_1p15__R_0__E_m0p4__ndiv_8__reps_3.txt
0.73	0.16	0.267935372903	0.0192043320972	0.268127572016	0.0197646996812	0.0452674897119	3	400000	243	C:\Users\rbndz\Movistar Cloud\Ruben\3_FISICA\2_Cuatrimestre\Caos_y_SDNL\guerra-mafias\c_paper\out\experiments\03_critical_transition\frontier_scans_torre\p11_p12_grid\raw\initial_plane__N1_500__N2_500__P11_0p73__P12_0p16__P22_0p73__B_1p15__R_0__E_m0p4__ndiv_8__reps_3.txt
0.76	0.16	0.257617502638	0.0195127573796	0.290041152263	0.0211041220482	0.0699588477366	3	400000	243	C:\Users\rbndz\Movistar Cloud\Ruben\3_FISICA\2_Cuatrimestre\Caos_y_SDNL\guerra-mafias\c_paper\out\experiments\03_critical_transition\frontier_scans_torre\p11_p12_grid\raw\initial_plane__N1_500__N2_500__P11_0p76__P12_0p16__P22_0p76__B_1p15__R_0__E_m0p4__ndiv_8__reps_3.txt
0.8	0.16	0.249495780515	0.0197080886549	0.288765432099	0.0212942252741	0.0987654320988	3	400000	243	C:\Users\rbndz\Movistar Cloud\Ruben\3_FISICA\2_Cuatrimestre\Caos_y_SDNL\guerra-mafias\c_paper\out\experiments\03_critical_transition\frontier_scans_torre\p11_p12_grid\raw\initial_plane__N1_500__N2_500__P11_0p80__P12_0p16__P22_0p80__B_1p15__R_0__E_m0p4__ndiv_8__reps_3.txt
0.02	0.2	0.755653185469	0.00278772056877	0.0164403292181	0.000385647975506	0	3	400000	243	C:\Users\rbndz\Movistar Cloud\Ruben\3_FISICA\2_Cuatrimestre\Caos_y_SDNL\guerra-mafias\c_paper\out\experiments\02_thermodynamic_limit_high_connectivity\connectivity_threshold\raw\initial_plane__N1_500__N2_500__P11_0p02__P12_0p20__P22_0p02__B_1p15__R_0__E_m0p4__ndiv_8__reps_3.txt
0.05	0.2	0.756205346422	0.00278831241515	0.0147530864198	6.96390215824E-05	0	3	400000	243	C:\Users\rbndz\Movistar Cloud\Ruben\3_FISICA\2_Cuatrimestre\Caos_y_SDNL\guerra-mafias\c_paper\out\experiments\02_thermodynamic_limit_high_connectivity\connectivity_threshold\raw\initial_plane__N1_500__N2_500__P11_0p05__P12_0p20__P22_0p05__B_1p15__R_0__E_m0p4__ndiv_8__reps_3.txt
0.1	0.2	0.756205346422	0.00278831241515	0.0147530864198	6.96390215824E-05	0	3	400000	243	C:\Users\rbndz\Movistar Cloud\Ruben\3_FISICA\2_Cuatrimestre\Caos_y_SDNL\guerra-mafias\c_paper\out\experiments\02_thermodynamic_limit_high_connectivity\connectivity_threshold\raw\initial_plane__N1_500__N2_500__P11_0p10__P12_0p20__P22_0p10__B_1p15__R_0__E_m0p4__ndiv_8__reps_3.txt
0.2	0.2	0.756205346422	0.00278831241515	0.0147530864198	6.96390215824E-05	0	3	400000	243	C:\Users\rbndz\Movistar Cloud\Ruben\3_FISICA\2_Cuatrimestre\Caos_y_SDNL\guerra-mafias\c_paper\out\experiments\02_thermodynamic_limit_high_connectivity\connectivity_threshold\raw\initial_plane__N1_500__N2_500__P11_0p20__P12_0p20__P22_0p20__B_1p15__R_0__E_m0p4__ndiv_8__reps_3.txt
0.3	0.2	0.756097604913	0.00278849882372	0.0166872427984	0.000264311816223	0	3	400000	243	C:\Users\rbndz\Movistar Cloud\Ruben\3_FISICA\2_Cuatrimestre\Caos_y_SDNL\guerra-mafias\c_paper\out\experiments\02_thermodynamic_limit_high_connectivity\connectivity_threshold\raw\initial_plane__N1_500__N2_500__P11_0p30__P12_0p20__P22_0p30__B_1p15__R_0__E_m0p4__ndiv_8__reps_3.txt
0.4	0.2	0.750492532526	0.00283404438474	0.0296502057613	0.00114360035774	0	3	400000	243	C:\Users\rbndz\Movistar Cloud\Ruben\3_FISICA\2_Cuatrimestre\Caos_y_SDNL\guerra-mafias\c_paper\out\experiments\02_thermodynamic_limit_high_connectivity\connectivity_threshold\raw\initial_plane__N1_500__N2_500__P11_0p40__P12_0p20__P22_0p40__B_1p15__R_0__E_m0p4__ndiv_8__reps_3.txt
0.5	0.2	0.72050542486	0.00364504476283	0.038950617284	0.00131592817535	0	3	400000	243	C:\Users\rbndz\Movistar Cloud\Ruben\3_FISICA\2_Cuatrimestre\Caos_y_SDNL\guerra-mafias\c_paper\out\experiments\02_thermodynamic_limit_high_connectivity\connectivity_threshold\raw\initial_plane__N1_500__N2_500__P11_0p50__P12_0p20__P22_0p50__B_1p15__R_0__E_m0p4__ndiv_8__reps_3.txt
0.55	0.2	0.695945207995	0.00416420946961	0.0434362139918	0.0013475214488	0	3	400000	243	C:\Users\rbndz\Movistar Cloud\Ruben\3_FISICA\2_Cuatrimestre\Caos_y_SDNL\guerra-mafias\c_paper\out\experiments\02_thermodynamic_limit_high_connectivity\connectivity_threshold\raw\initial_plane__N1_500__N2_500__P11_0p55__P12_0p20__P22_0p55__B_1p15__R_0__E_m0p4__ndiv_8__reps_3.txt
0.6	0.2	0.633182220598	0.00505411362894	0.0434465020576	0.00135194076964	0	3	400000	243	C:\Users\rbndz\Movistar Cloud\Ruben\3_FISICA\2_Cuatrimestre\Caos_y_SDNL\guerra-mafias\c_paper\out\experiments\02_thermodynamic_limit_high_connectivity\connectivity_threshold\raw\initial_plane__N1_500__N2_500__P11_0p60__P12_0p20__P22_0p60__B_1p15__R_0__E_m0p4__ndiv_8__reps_3.txt
0.65	0.2	0.589288709473	0.00627897828197	0.0744238683128	0.00489042491516	0	3	400000	243	C:\Users\rbndz\Movistar Cloud\Ruben\3_FISICA\2_Cuatrimestre\Caos_y_SDNL\guerra-mafias\c_paper\out\experiments\03_critical_transition\frontier_scans_torre\p11_p12_grid\raw\initial_plane__N1_500__N2_500__P11_0p65__P12_0p20__P22_0p65__B_1p15__R_0__E_m0p4__ndiv_8__reps_3.txt
0.7	0.2	0.553685728428	0.00741976491578	0.075658436214	0.00404533505964	0	3	400000	243	C:\Users\rbndz\Movistar Cloud\Ruben\3_FISICA\2_Cuatrimestre\Caos_y_SDNL\guerra-mafias\c_paper\out\experiments\03_critical_transition\relaxation_time\p_fine\2026-05-06_relaxation_critical_TMAX400k_p_fine\raw\initial_plane__N1_500__N2_500__P11_0p70__P12_0p20__P22_0p70__B_1p15__R_0__E_m0p4__TMAX_400000__ndiv_8__reps_3.txt
0.715	0.2	0.531943302607	0.00915722608023	0.100843621399	0.00574782394898	0	3	400000	243	C:\Users\rbndz\Movistar Cloud\Ruben\3_FISICA\2_Cuatrimestre\Caos_y_SDNL\guerra-mafias\c_paper\out\experiments\03_critical_transition\relaxation_time\p_fine\2026-05-06_relaxation_critical_TMAX400k_p_fine\raw\initial_plane__N1_500__N2_500__P11_0p715__P12_0p20__P22_0p715__B_1p15__R_0__E_m0p4__TMAX_400000__ndiv_8__reps_3.txt
0.72	0.2	0.51551933323	0.0104069942066	0.145925925926	0.0104053206583	0.0082304526749	3	400000	243	C:\Users\rbndz\Movistar Cloud\Ruben\3_FISICA\2_Cuatrimestre\Caos_y_SDNL\guerra-mafias\c_paper\out\experiments\03_critical_transition\relaxation_time\p_fine\2026-05-07_relaxation_critical_p_narrow_TMAX400k\raw\initial_plane__N1_500__N2_500__P11_0p720__P12_0p20__P22_0p720__B_1p15__R_0__E_m0p4__TMAX_400000__ndiv_8__reps_3.txt
0.725	0.2	0.486691151121	0.0122873999715	0.198580246914	0.0137348576531	0.0082304526749	3	400000	243	C:\Users\rbndz\Movistar Cloud\Ruben\3_FISICA\2_Cuatrimestre\Caos_y_SDNL\guerra-mafias\c_paper\out\experiments\03_critical_transition\relaxation_time\p_fine\2026-05-07_relaxation_critical_p_narrow_TMAX400k\raw\initial_plane__N1_500__N2_500__P11_0p725__P12_0p20__P22_0p725__B_1p15__R_0__E_m0p4__TMAX_400000__ndiv_8__reps_3.txt
0.73	0.2	0.39940459441	0.00878036231427	0.29887037037	0.0118137013198	0.108641975309	10	400000	810	C:\Users\rbndz\Movistar Cloud\Ruben\3_FISICA\2_Cuatrimestre\Caos_y_SDNL\guerra-mafias\c_paper\out\experiments\03_critical_transition\relaxation_time\statistics\raw\initial_plane__N1_500__N2_500__P11_0p73__P12_0p20__P22_0p73__B_1p15__R_0__E_m0p4__TMAX_400000__ndiv_8__reps_10.txt
0.735	0.2	0.353200006628	0.0171854583226	0.298436213992	0.0217379728747	0.0946502057613	3	400000	243	C:\Users\rbndz\Movistar Cloud\Ruben\3_FISICA\2_Cuatrimestre\Caos_y_SDNL\guerra-mafias\c_paper\out\experiments\03_critical_transition\relaxation_time\p_fine\2026-05-07_relaxation_critical_p_narrow_TMAX400k\raw\initial_plane__N1_500__N2_500__P11_0p735__P12_0p20__P22_0p735__B_1p15__R_0__E_m0p4__TMAX_400000__ndiv_8__reps_3.txt
0.74	0.2	0.330091807513	0.0177570788908	0.356790123457	0.0244332404327	0.168724279835	3	400000	243	C:\Users\rbndz\Movistar Cloud\Ruben\3_FISICA\2_Cuatrimestre\Caos_y_SDNL\guerra-mafias\c_paper\out\experiments\03_critical_transition\relaxation_time\p_fine\2026-05-07_relaxation_critical_p_narrow_TMAX400k\raw\initial_plane__N1_500__N2_500__P11_0p740__P12_0p20__P22_0p740__B_1p15__R_0__E_m0p4__TMAX_400000__ndiv_8__reps_3.txt
0.745	0.2	0.314210843184	0.0178943866582	0.341995884774	0.0236828505547	0.164609053498	3	400000	243	C:\Users\rbndz\Movistar Cloud\Ruben\3_FISICA\2_Cuatrimestre\Caos_y_SDNL\guerra-mafias\c_paper\out\experiments\03_critical_transition\relaxation_time\p_fine\2026-05-06_relaxation_critical_TMAX400k_p_fine\raw\initial_plane__N1_500__N2_500__P11_0p745__P12_0p20__P22_0p745__B_1p15__R_0__E_m0p4__TMAX_400000__ndiv_8__reps_3.txt
0.75	0.2	0.302385142111	0.0181303842517	0.0475720164609	0.00139989510949	0	3	400000	243	C:\Users\rbndz\Movistar Cloud\Ruben\3_FISICA\2_Cuatrimestre\Caos_y_SDNL\guerra-mafias\c_paper\out\experiments\02_thermodynamic_limit_high_connectivity\connectivity_threshold\raw\initial_plane__N1_500__N2_500__P11_0p75__P12_0p20__P22_0p75__B_1p15__R_0__E_m0p4__ndiv_8__reps_3.txt
0.76	0.2	0.296210332363	0.0183490933886	0.357345679012	0.0241955611027	0.148148148148	3	400000	243	C:\Users\rbndz\Movistar Cloud\Ruben\3_FISICA\2_Cuatrimestre\Caos_y_SDNL\guerra-mafias\c_paper\out\experiments\03_critical_transition\relaxation_time\p_fine\2026-05-06_relaxation_critical_TMAX400k_p_fine\raw\initial_plane__N1_500__N2_500__P11_0p76__P12_0p20__P22_0p76__B_1p15__R_0__E_m0p4__TMAX_400000__ndiv_8__reps_3.txt
0.8	0.2	0.27314241798	0.0189705736742	0.29475308642	0.0220601046987	0.111111111111	3	400000	243	C:\Users\rbndz\Movistar Cloud\Ruben\3_FISICA\2_Cuatrimestre\Caos_y_SDNL\guerra-mafias\c_paper\out\experiments\03_critical_transition\relaxation_time\p_fine\2026-05-06_relaxation_critical_TMAX400k_p_fine\raw\initial_plane__N1_500__N2_500__P11_0p80__P12_0p20__P22_0p80__B_1p15__R_0__E_m0p4__TMAX_400000__ndiv_8__reps_3.txt
0.85	0.2	0.254206511698	0.0194878374809	0.0479218106996	0.00135832933131	0	3	400000	243	C:\Users\rbndz\Movistar Cloud\Ruben\3_FISICA\2_Cuatrimestre\Caos_y_SDNL\guerra-mafias\c_paper\out\experiments\02_thermodynamic_limit_high_connectivity\connectivity_threshold\raw\initial_plane__N1_500__N2_500__P11_0p85__P12_0p20__P22_0p85__B_1p15__R_0__E_m0p4__ndiv_8__reps_3.txt
0.9	0.2	0.245492493724	0.0196528597188	0.0464197530864	0.00138450600269	0	3	400000	243	C:\Users\rbndz\Movistar Cloud\Ruben\3_FISICA\2_Cuatrimestre\Caos_y_SDNL\guerra-mafias\c_paper\out\experiments\02_thermodynamic_limit_high_connectivity\connectivity_threshold\raw\initial_plane__N1_500__N2_500__P11_0p90__P12_0p20__P22_0p90__B_1p15__R_0__E_m0p4__ndiv_8__reps_3.txt
0.7	0.21	0.575776269711	0.00652616994189	0.0728189300412	0.00400753472092	0	3	400000	243	C:\Users\rbndz\Movistar Cloud\Ruben\3_FISICA\2_Cuatrimestre\Caos_y_SDNL\guerra-mafias\c_paper\out\experiments\03_critical_transition\frontier_scans_torre\p11_p12_refine\raw\initial_plane__N1_500__N2_500__P11_0p70__P12_0p21__P22_0p70__B_1p15__R_0__E_m0p4__ndiv_8__reps_3.txt
0.73	0.21	0.554138516955	0.00745918022248	0.0778395061728	0.0041310141667	0	3	400000	243	C:\Users\rbndz\Movistar Cloud\Ruben\3_FISICA\2_Cuatrimestre\Caos_y_SDNL\guerra-mafias\c_paper\out\experiments\03_critical_transition\frontier_scans_torre\p11_p12_refine\raw\initial_plane__N1_500__N2_500__P11_0p73__P12_0p21__P22_0p73__B_1p15__R_0__E_m0p4__ndiv_8__reps_3.txt
0.76	0.21	0.50013913722	0.011329637891	0.159197530864	0.0112342946022	0	3	400000	243	C:\Users\rbndz\Movistar Cloud\Ruben\3_FISICA\2_Cuatrimestre\Caos_y_SDNL\guerra-mafias\c_paper\out\experiments\03_critical_transition\frontier_scans_torre\p11_p12_refine\raw\initial_plane__N1_500__N2_500__P11_0p76__P12_0p21__P22_0p76__B_1p15__R_0__E_m0p4__ndiv_8__reps_3.txt
0.77	0.21	0.385566760444	0.0163435655325	0.328621399177	0.0220124832673	0.111111111111	3	400000	243	C:\Users\rbndz\Movistar Cloud\Ruben\3_FISICA\2_Cuatrimestre\Caos_y_SDNL\guerra-mafias\c_paper\out\experiments\03_critical_transition\frontier_scans_torre\high_p11_frontier\raw\initial_plane__N1_500__N2_500__P11_0p77__P12_0p21__P22_0p77__B_1p15__R_0__E_m0p4__ndiv_8__reps_3.txt
0.78	0.21	0.319395340432	0.0177073529143	0.374897119342	0.0251627604666	0.17695473251	3	400000	243	C:\Users\rbndz\Movistar Cloud\Ruben\3_FISICA\2_Cuatrimestre\Caos_y_SDNL\guerra-mafias\c_paper\out\experiments\03_critical_transition\frontier_scans_torre\high_p11_frontier\raw\initial_plane__N1_500__N2_500__P11_0p78__P12_0p21__P22_0p78__B_1p15__R_0__E_m0p4__ndiv_8__reps_3.txt
0.79	0.21	0.294864733111	0.0184068200359	0.355637860082	0.0247294052536	0.181069958848	3	400000	243	C:\Users\rbndz\Movistar Cloud\Ruben\3_FISICA\2_Cuatrimestre\Caos_y_SDNL\guerra-mafias\c_paper\out\experiments\03_critical_transition\frontier_scans_torre\high_p11_frontier\raw\initial_plane__N1_500__N2_500__P11_0p79__P12_0p21__P22_0p79__B_1p15__R_0__E_m0p4__ndiv_8__reps_3.txt
0.8	0.21	0.284250907093	0.0144270846211	0.326234567901	0.0174952772219	0.118518518519	5	400000	405	C:\Users\rbndz\Movistar Cloud\Ruben\3_FISICA\2_Cuatrimestre\Caos_y_SDNL\guerra-mafias\c_paper\out\experiments\03_critical_transition\frontier_scans_torre\boundary_robustness\raw\initial_plane__N1_500__N2_500__P11_0p80__P12_0p21__P22_0p80__B_1p15__R_0__E_m0p4__ndiv_8__reps_5.txt
0.7	0.22	0.594890627387	0.00576795559629	0.069341563786	0.00409152144522	0	3	400000	243	C:\Users\rbndz\Movistar Cloud\Ruben\3_FISICA\2_Cuatrimestre\Caos_y_SDNL\guerra-mafias\c_paper\out\experiments\03_critical_transition\frontier_scans_torre\p11_p12_refine\raw\initial_plane__N1_500__N2_500__P11_0p70__P12_0p22__P22_0p70__B_1p15__R_0__E_m0p4__ndiv_8__reps_3.txt
0.73	0.22	0.57492261501	0.00637422595414	0.072037037037	0.00415456699796	0	3	400000	243	C:\Users\rbndz\Movistar Cloud\Ruben\3_FISICA\2_Cuatrimestre\Caos_y_SDNL\guerra-mafias\c_paper\out\experiments\03_critical_transition\frontier_scans_torre\p11_p12_refine\raw\initial_plane__N1_500__N2_500__P11_0p73__P12_0p22__P22_0p73__B_1p15__R_0__E_m0p4__ndiv_8__reps_3.txt
0.76	0.22	0.556715461784	0.00694421606699	0.0711316872428	0.00444064305216	0	3	400000	243	C:\Users\rbndz\Movistar Cloud\Ruben\3_FISICA\2_Cuatrimestre\Caos_y_SDNL\guerra-mafias\c_paper\out\experiments\03_critical_transition\frontier_scans_torre\p11_p12_refine\raw\initial_plane__N1_500__N2_500__P11_0p76__P12_0p22__P22_0p76__B_1p15__R_0__E_m0p4__ndiv_8__reps_3.txt
0.79	0.22	0.523824659463	0.0091731341918	0.110061728395	0.00647026543745	0	3	400000	243	C:\Users\rbndz\Movistar Cloud\Ruben\3_FISICA\2_Cuatrimestre\Caos_y_SDNL\guerra-mafias\c_paper\out\experiments\03_critical_transition\frontier_scans_torre\high_p11_frontier\raw\initial_plane__N1_500__N2_500__P11_0p79__P12_0p22__P22_0p79__B_1p15__R_0__E_m0p4__ndiv_8__reps_3.txt
0.8	0.22	0.477559819472	0.00961325355797	0.226975308642	0.0127689666261	0.0246913580247	5	400000	405	C:\Users\rbndz\Movistar Cloud\Ruben\3_FISICA\2_Cuatrimestre\Caos_y_SDNL\guerra-mafias\c_paper\out\experiments\03_critical_transition\frontier_scans_torre\boundary_robustness\raw\initial_plane__N1_500__N2_500__P11_0p80__P12_0p22__P22_0p80__B_1p15__R_0__E_m0p4__ndiv_8__reps_5.txt
0.81	0.22	0.335262865361	0.0174001782578	0.32853909465	0.022950181225	0.123456790123	3	400000	243	C:\Users\rbndz\Movistar Cloud\Ruben\3_FISICA\2_Cuatrimestre\Caos_y_SDNL\guerra-mafias\c_paper\out\experiments\03_critical_transition\frontier_scans_torre\followup\raw\initial_plane__N1_500__N2_500__P11_0p81__P12_0p22__P22_0p81__B_1p15__R_0__E_m0p4__ndiv_8__reps_3.txt
0.82	0.22	0.29278140567	0.0142550582293	0.311444444444	0.0173470105554	0.125925925926	5	400000	405	C:\Users\rbndz\Movistar Cloud\Ruben\3_FISICA\2_Cuatrimestre\Caos_y_SDNL\guerra-mafias\c_paper\out\experiments\03_critical_transition\frontier_scans_torre\boundary_robustness\raw\initial_plane__N1_500__N2_500__P11_0p82__P12_0p22__P22_0p82__B_1p15__R_0__E_m0p4__ndiv_8__reps_5.txt
0.84	0.22	0.275887811584	0.0188801996804	0.329547325103	0.0227908389788	0.131687242798	3	400000	243	C:\Users\rbndz\Movistar Cloud\Ruben\3_FISICA\2_Cuatrimestre\Caos_y_SDNL\guerra-mafias\c_paper\out\experiments\03_critical_transition\frontier_scans_torre\high_p11_frontier\raw\initial_plane__N1_500__N2_500__P11_0p84__P12_0p22__P22_0p84__B_1p15__R_0__E_m0p4__ndiv_8__reps_3.txt
0.7	0.23	0.613729894064	0.00505817150036	0.0734362139918	0.00455256787461	0	3	400000	243	C:\Users\rbndz\Movistar Cloud\Ruben\3_FISICA\2_Cuatrimestre\Caos_y_SDNL\guerra-mafias\c_paper\out\experiments\03_critical_transition\frontier_scans_torre\p11_p12_refine\raw\initial_plane__N1_500__N2_500__P11_0p70__P12_0p23__P22_0p70__B_1p15__R_0__E_m0p4__ndiv_8__reps_3.txt
0.73	0.23	0.59333530062	0.00566890551639	0.0696090534979	0.00427056535654	0	3	400000	243	C:\Users\rbndz\Movistar Cloud\Ruben\3_FISICA\2_Cuatrimestre\Caos_y_SDNL\guerra-mafias\c_paper\out\experiments\03_critical_transition\frontier_scans_torre\p11_p12_refine\raw\initial_plane__N1_500__N2_500__P11_0p73__P12_0p23__P22_0p73__B_1p15__R_0__E_m0p4__ndiv_8__reps_3.txt
0.76	0.23	0.576546175552	0.00617137955905	0.071975308642	0.00431289051412	0	3	400000	243	C:\Users\rbndz\Movistar Cloud\Ruben\3_FISICA\2_Cuatrimestre\Caos_y_SDNL\guerra-mafias\c_paper\out\experiments\03_critical_transition\frontier_scans_torre\p11_p12_refine\raw\initial_plane__N1_500__N2_500__P11_0p76__P12_0p23__P22_0p76__B_1p15__R_0__E_m0p4__ndiv_8__reps_3.txt
0.8	0.23	0.551531380845	0.00696141298479	0.0740534979424	0.00407013953761	0	3	400000	243	C:\Users\rbndz\Movistar Cloud\Ruben\3_FISICA\2_Cuatrimestre\Caos_y_SDNL\guerra-mafias\c_paper\out\experiments\03_critical_transition\frontier_scans_torre\high_p11_frontier\raw\initial_plane__N1_500__N2_500__P11_0p80__P12_0p23__P22_0p80__B_1p15__R_0__E_m0p4__ndiv_8__reps_3.txt
0.83	0.23	0.513288987148	0.0100262140039	0.119300411523	0.00676457422974	0	3	400000	243	C:\Users\rbndz\Movistar Cloud\Ruben\3_FISICA\2_Cuatrimestre\Caos_y_SDNL\guerra-mafias\c_paper\out\experiments\03_critical_transition\frontier_scans_torre\high_p11_frontier\raw\initial_plane__N1_500__N2_500__P11_0p83__P12_0p23__P22_0p83__B_1p15__R_0__E_m0p4__ndiv_8__reps_3.txt
0.84	0.23	0.464880294348	0.0131447399945	0.196069958848	0.0142155475152	0.0082304526749	3	400000	243	C:\Users\rbndz\Movistar Cloud\Ruben\3_FISICA\2_Cuatrimestre\Caos_y_SDNL\guerra-mafias\c_paper\out\experiments\03_critical_transition\frontier_scans_torre\followup\raw\initial_plane__N1_500__N2_500__P11_0p84__P12_0p23__P22_0p84__B_1p15__R_0__E_m0p4__ndiv_8__reps_3.txt
0.85	0.23	0.325262769518	0.0175976452234	0.34537037037	0.0241014654277	0.172839506173	3	400000	243	C:\Users\rbndz\Movistar Cloud\Ruben\3_FISICA\2_Cuatrimestre\Caos_y_SDNL\guerra-mafias\c_paper\out\experiments\03_critical_transition\frontier_scans_torre\followup\raw\initial_plane__N1_500__N2_500__P11_0p85__P12_0p23__P22_0p85__B_1p15__R_0__E_m0p4__ndiv_8__reps_3.txt
0.86	0.23	0.287501530022	0.0142966115001	0.32187654321	0.0182021129595	0.140740740741	5	400000	405	C:\Users\rbndz\Movistar Cloud\Ruben\3_FISICA\2_Cuatrimestre\Caos_y_SDNL\guerra-mafias\c_paper\out\experiments\03_critical_transition\frontier_scans_torre\boundary_robustness\raw\initial_plane__N1_500__N2_500__P11_0p86__P12_0p23__P22_0p86__B_1p15__R_0__E_m0p4__ndiv_8__reps_5.txt
0.9	0.23	0.2650115964	0.0191468774413	0.342530864198	0.0239609318358	0.16049382716	3	400000	243	C:\Users\rbndz\Movistar Cloud\Ruben\3_FISICA\2_Cuatrimestre\Caos_y_SDNL\guerra-mafias\c_paper\out\experiments\03_critical_transition\frontier_scans_torre\high_p11_frontier\raw\initial_plane__N1_500__N2_500__P11_0p90__P12_0p23__P22_0p90__B_1p15__R_0__E_m0p4__ndiv_8__reps_3.txt
0.65	0.24	0.698720739187	0.00366290887162	0.0685802469136	0.00367702015909	0	3	400000	243	C:\Users\rbndz\Movistar Cloud\Ruben\3_FISICA\2_Cuatrimestre\Caos_y_SDNL\guerra-mafias\c_paper\out\experiments\03_critical_transition\frontier_scans_torre\p11_p12_grid\raw\initial_plane__N1_500__N2_500__P11_0p65__P12_0p24__P22_0p65__B_1p15__R_0__E_m0p4__ndiv_8__reps_3.txt
0.7	0.24	0.635790748945	0.00431808092806	0.0686008230453	0.00424647930267	0	3	400000	243	C:\Users\rbndz\Movistar Cloud\Ruben\3_FISICA\2_Cuatrimestre\Caos_y_SDNL\guerra-mafias\c_paper\out\experiments\03_critical_transition\frontier_scans_torre\p11_p12_grid\raw\initial_plane__N1_500__N2_500__P11_0p70__P12_0p24__P22_0p70__B_1p15__R_0__E_m0p4__ndiv_8__reps_3.txt
0.73	0.24	0.610911669357	0.00501112785018	0.0699382716049	0.0045380112534	0	3	400000	243	C:\Users\rbndz\Movistar Cloud\Ruben\3_FISICA\2_Cuatrimestre\Caos_y_SDNL\guerra-mafias\c_paper\out\experiments\03_critical_transition\frontier_scans_torre\p11_p12_grid\raw\initial_plane__N1_500__N2_500__P11_0p73__P12_0p24__P22_0p73__B_1p15__R_0__E_m0p4__ndiv_8__reps_3.txt
0.76	0.24	0.594353538243	0.0054922484722	0.0710082304527	0.00401999894488	0	3	400000	243	C:\Users\rbndz\Movistar Cloud\Ruben\3_FISICA\2_Cuatrimestre\Caos_y_SDNL\guerra-mafias\c_paper\out\experiments\03_critical_transition\frontier_scans_torre\p11_p12_grid\raw\initial_plane__N1_500__N2_500__P11_0p76__P12_0p24__P22_0p76__B_1p15__R_0__E_m0p4__ndiv_8__reps_3.txt
0.8	0.24	0.568622290608	0.00628979680263	0.0714609053498	0.00406830931422	0	3	400000	243	C:\Users\rbndz\Movistar Cloud\Ruben\3_FISICA\2_Cuatrimestre\Caos_y_SDNL\guerra-mafias\c_paper\out\experiments\03_critical_transition\frontier_scans_torre\p11_p12_grid\raw\initial_plane__N1_500__N2_500__P11_0p80__P12_0p24__P22_0p80__B_1p15__R_0__E_m0p4__ndiv_8__reps_3.txt
0.86	0.24	0.530356508973	0.0081207408709	0.0787037037037	0.00383243528664	0	3	400000	243	C:\Users\rbndz\Movistar Cloud\Ruben\3_FISICA\2_Cuatrimestre\Caos_y_SDNL\guerra-mafias\c_paper\out\experiments\03_critical_transition\frontier_scans_torre\followup\raw\initial_plane__N1_500__N2_500__P11_0p86__P12_0p24__P22_0p86__B_1p15__R_0__E_m0p4__ndiv_8__reps_3.txt
0.88	0.24	0.488899376197	0.0112204200635	0.181851851852	0.013888654217	0.0205761316872	3	400000	243	C:\Users\rbndz\Movistar Cloud\Ruben\3_FISICA\2_Cuatrimestre\Caos_y_SDNL\guerra-mafias\c_paper\out\experiments\03_critical_transition\frontier_scans_torre\followup\raw\initial_plane__N1_500__N2_500__P11_0p88__P12_0p24__P22_0p88__B_1p15__R_0__E_m0p4__ndiv_8__reps_3.txt
0.9	0.24	0.292913130942	0.0182969446324	0.366172839506	0.0237752905639	0.135802469136	3	400000	243	C:\Users\rbndz\Movistar Cloud\Ruben\3_FISICA\2_Cuatrimestre\Caos_y_SDNL\guerra-mafias\c_paper\out\experiments\03_critical_transition\frontier_scans_torre\followup\raw\initial_plane__N1_500__N2_500__P11_0p90__P12_0p24__P22_0p90__B_1p15__R_0__E_m0p4__ndiv_8__reps_3.txt
0.73	0.25	0.631627198434	0.00429122463318	0.0722839506173	0.00479178655295	0	3	400000	243	C:\Users\rbndz\Movistar Cloud\Ruben\3_FISICA\2_Cuatrimestre\Caos_y_SDNL\guerra-mafias\c_paper\out\experiments\03_critical_transition\frontier_scans_torre\p12_scan\raw\initial_plane__N1_500__N2_500__P11_0p73__P12_0p25__P22_0p73__B_1p15__R_0__E_m0p4__ndiv_8__reps_3.txt
0.73	0.3	0.712027978184	0.00210847932418	0.0531275720165	0.00326939246188	0	3	400000	243	C:\Users\rbndz\Movistar Cloud\Ruben\3_FISICA\2_Cuatrimestre\Caos_y_SDNL\guerra-mafias\c_paper\out\experiments\03_critical_transition\frontier_scans_torre\p12_scan\raw\initial_plane__N1_500__N2_500__P11_0p73__P12_0p30__P22_0p73__B_1p15__R_0__E_m0p4__ndiv_8__reps_3.txt
0.73	0.4	0.713455418324	0.000973546943645	0.0150205761317	0.000114791889207	0	3	400000	243	C:\Users\rbndz\Movistar Cloud\Ruben\3_FISICA\2_Cuatrimestre\Caos_y_SDNL\guerra-mafias\c_paper\out\experiments\03_critical_transition\frontier_scans_torre\p12_scan\raw\initial_plane__N1_500__N2_500__P11_0p73__P12_0p40__P22_0p73__B_1p15__R_0__E_m0p4__ndiv_8__reps_3.txt
